Trans_Dt,Description,Amt,Amt_Rounded,Amt_Invested,Compounding_Days,Compounded_Amt,cumSumCompoundedAmt
2017-01-04,MUSE PAINTBAR            217-679-6586 MA,29.0,29.0,0.0,361,0.0,0.0
2017-01-05,TONY C'S SPORTS BAR      SOMERVILLE   MA,16.51,17.0,0.48999999999999844,360,0.5946796756893769,0.5946796756893769
2017-01-10,FIVE GUYS - MA #14       BURLINGTON   MA,8.65,9.0,0.34999999999999964,355,0.42363046554756206,1.0183101412369389
2017-01-11,GALLERIA CAFE 13229927   BOSTON       MA,5.91,6.0,0.08999999999999986,354,0.1088749766960316,1.1271851179329704
2017-01-11,MBTA ALEWIFE             CAMBRIDGE    MA,4.5,5.0,0.5,354,0.604860981644621,1.7320460995775915
2017-01-12,FELIPES TAQUERIA         CAMBRIDGE    MA,7.49,8.0,0.5099999999999998,353,0.616626474073931,2.3486725736515224
2017-01-13,AMAZON MKTPLACE PMTS     AMZN.COM/BILLWA,12.82,13.0,0.17999999999999972,352,0.21751585596495254,2.5661884296164748
2017-01-15,Spotify USA              646-8375380  NY,4.99,5.0,0.009999999999999787,350,0.0120712227894454,2.57825965240592
2017-01-15,UBER   US JAN15 LNGAF    HELP.UBER.COMCA,3.0,3.0,0.0,350,0.0,2.57825965240592
2017-01-17,AMAZON MKTPLACE PMTS     AMZN.COM/BILLWA,27.05,28.0,0.9499999999999993,348,1.1455333059103814,3.7237929583163014
2017-01-18,UBER TECHNOLOGIES INC    866-576-1039 CA,1.95,2.0,0.050000000000000044,347,0.06025880913088274,3.7840517674471843
2017-01-19,LYFT   *RIDE THU 10PM    LYFT.COM     CA,3.12,4.0,0.8799999999999999,346,1.0599847995475395,4.844036566994724
2017-01-20,UBER   US JAN20 7WL3S    HELP.UBER.COMCA,12.54,13.0,0.46000000000000085,345,0.5537850430681003,5.397821610062825
2017-01-25,MADDIES CITY CONVENIENCE BRIGHTON     MA,37.17,38.0,0.8299999999999983,340,0.9965374114360118,6.394359021498836
2017-01-25,EL PELON TAQUERIA        BRIGHTON     MA,8.03,9.0,0.9700000000000006,340,1.1646280591481133,7.55898708064695
2017-01-26,UBER   US JAN26 YSO7B    HELP.UBER.COMCA,3.32,4.0,0.6800000000000002,339,0.8160013037934302,8.37498838444038
2017-01-27,HILLSIDE SHOP #1112      CHESTNUT HILLMA,33.95,34.0,0.04999999999999716,338,0.05996783490689541,8.434956219347276
2017-01-28,UBER   US JAN27 32UCG    HELP.UBER.COMCA,9.37,10.0,0.6300000000000008,337,0.7551884502888431,9.190144669636119
2017-01-30,"AMZ*RPMWEST, INC         amzn.com/pmtsWA",5.95,6.0,0.04999999999999982,335,0.05987115606559081,9.250015825701709
2017-01-31,BC ROBSHAM THEATER       617-552-4002 MA,89.0,89.0,0.0,334,0.0,9.250015825701709
2017-02-01,INTUIT *TURBOTAX         800-446-8848 CA,19.99,20.0,0.010000000000001563,333,0.011961358022219447,9.261977183723928
2017-02-02,TAVERN IN THE SQUARE     ALLSTON      MA,12.0,12.0,0.0,332,0.0,9.261977183723928
2017-02-02,TAVERN IN THE SQUARE     ALLSTON      MA,11.0,11.0,0.0,332,0.0,9.261977183723928
2017-02-03,5GUYS 1753 QSR           BOSTON       MA,4.48,5.0,0.5199999999999996,331,0.6213219308897378,9.883299114613667
2017-02-03,UBER TECHNOLOGIES INC    866-576-1039 CA,2.99,3.0,0.009999999999999787,331,0.011948498670956249,9.895247613284623
2017-02-04,UBER   US FEB04 HOOYJ    HELP.UBER.COMCA,2.72,3.0,0.2799999999999998,330,0.33437807705513656,10.229625690339759
2017-02-04,UBER   US FEB04 TGM43    HELP.UBER.COMCA,2.91,3.0,0.08999999999999986,330,0.10747866762486523,10.337104357964625
2017-02-04,UBER   US FEB04 3EOWK    HELP.UBER.COMCA,3.18,4.0,0.8199999999999998,330,0.979250082804329,11.316354440768954
2017-02-04,TAVERN IN THE SQUARE     ALLSTON      MA,31.5,32.0,0.5,330,0.59710370902703,11.913458149795984
2017-02-08,"AMZ*RPMWEST, INC         866-216-1072 WA",5.95,6.0,0.04999999999999982,326,0.05958205371812551,11.97304020351411
2017-02-10,MADDIES CITY CONVENIENCE BRIGHTON     MA,8.55,9.0,0.4499999999999993,324,0.5356619871317151,12.508702190645824
2017-02-10,UBER   US FEB10 6XYZT    HELP.UBER.COMCA,9.42,10.0,0.5800000000000001,324,0.6904087834142116,13.199110974060035
2017-02-10,LYFT   *RIDE FRI 5PM     LYFT.COM     CA,5.2,6.0,0.7999999999999998,324,0.9522879771230502,14.151398951183086
2017-02-11,UBER US FEB11 KJLYR HELP.800-5928996  CA,3.28,4.0,0.7200000000000002,323,0.8565983542781815,15.007997305461268
2017-02-15,Spotify USA              646-8375380  NY,9.99,10.0,0.009999999999999787,319,0.011871632363735191,15.019868937825004
2017-02-15,7-ELEVEN 32467           BRIGHTON     MA,2.45,3.0,0.5499999999999998,319,0.6529397800054493,15.672808717830453
2017-02-16,AMAZON MKTPLACE PMTS     AMZN.COM/BILLWA,20.41,21.0,0.5899999999999999,318,0.7000497029731583,16.37285842080361
2017-02-16,LANSDOWNE PUB            BOSTON       MA,20.0,20.0,0.0,318,0.0,16.37285842080361
2017-02-17,MADDIES CITY CONVENIENCE BRIGHTON     MA,4.88,5.0,0.1200000000000001,317,0.14230643369092572,16.515164854494536
2017-02-17,LYFT   *RIDE THU 10PM    LYFT.COM     CA,5.46,6.0,0.54,317,0.6403789516091651,17.1555438061037
2017-02-17,UBER   US FEB16 YONLJ    HELP.UBER.COMCA,3.17,4.0,0.8300000000000001,317,0.9842861663622353,18.139829972465936
2017-02-17,TASTY BURGER             BOSTON       MA,46.21,47.0,0.7899999999999991,317,0.9368506884652591,19.076680660931196
2017-02-18,TAVERN IN THE SQUARE     ALLSTON      MA,21.0,21.0,0.0,316,0.0,19.076680660931196
2017-02-19,UBER   US FEB18 EG7NU    HELP.UBER.COMCA,8.18,9.0,0.8200000000000003,315,0.9713818650763771,20.048062526007573
2017-02-19,EL PELON TAQUERIA        BRIGHTON     MA,7.43,8.0,0.5700000000000003,315,0.6752288574311404,20.723291383438713
2017-02-19,7-ELEVEN 37433           ALLSTON      MA,12.18,13.0,0.8200000000000003,315,0.9713818650763771,21.69467324851509
2017-02-19,UBER   US FEB19 RSNFQ    HELP.UBER.COMCA,13.72,14.0,0.27999999999999936,315,0.3316913685626645,22.026364617077757
2017-02-19,TAVERN IN THE SQUARE     ALLSTON      MA,17.0,17.0,0.0,315,0.0,22.026364617077757
2017-02-19,UBER   US FEB19 7OZIA    HELP.UBER.COMCA,3.06,4.0,0.94,315,1.1135353087460904,23.139899925823848
2017-02-23,JOSTENS INC.             800-854-7464 MN,140.0,140.0,0.0,311,0.0,23.139899925823848
2017-02-23,UBER   US FEB23 X6WGM    HELP.UBER.COMCA,4.57,5.0,0.4299999999999997,311,0.5082885121443323,23.64818843796818
2017-02-24,EL PELON TAQUERIA        BRIGHTON     MA,5.34,6.0,0.6600000000000001,310,0.7797442829605434,24.427932720928723
2017-02-24,UBER   US FEB24 JT4SD    HELP.UBER.COMCA,4.76,5.0,0.2400000000000002,310,0.283543375622016,24.71147609655074
2017-02-26,UBER   US FEB26 BX3RU    HELP.UBER.COMCA,5.0,5.0,0.0,308,0.0,24.71147609655074
2017-02-26,UBER   US FEB25 QL4SA    HELP.UBER.COMCA,3.4,4.0,0.6000000000000001,308,0.708096363407337,25.419572459958076
2017-02-26,TAVERN IN THE SQUARE     ALLSTON      MA,17.0,17.0,0.0,308,0.0,25.419572459958076
2017-02-26,CVS/PHARMACY #00055      BRIGHTON     MA,2.11,3.0,0.8900000000000001,308,1.0503429390542165,26.469915399012294
2017-02-28,YAMATO                   BRIGHTON     MA,169.67,170.0,0.3300000000000125,306,0.38903430887627566,26.85894970788857
2017-02-28,CVS/PHARMACY #00055      BRIGHTON     MA,10.92,11.0,0.08000000000000007,306,0.09431134760636636,26.953261055494938
2017-03-02,UBER   US MAR02 QBMBS    HELP.UBER.COMCA,1.88,2.0,0.1200000000000001,304,0.14131493381909502,27.094575989314034
2017-03-03,UBER TECHNOLOGIES INC    866-576-1039 CA,12.72,13.0,0.27999999999999936,303,0.3295575531486423,27.424133542462677
2017-03-04,CVS/PHARMACY #02125      NATICK       MA,17.65,18.0,0.3500000000000014,302,0.4117254450578925,27.83585898752057
2017-03-04,TOTAL WINE AND MORE 1701 NATICK       MA,9.14,10.0,0.8599999999999994,302,1.0116682364279597,28.84752722394853
2017-03-05,POTBELLY #7              CHICAGO      IL,3.01,4.0,0.9900000000000002,301,1.1639686488480177,30.011495872796544
2017-03-05,FRIENDLY'S ICE CRE       NEW YORK     NY,7.48,8.0,0.5199999999999996,301,0.6113774721221905,30.622873344918734
2017-03-12,AMAZON MKTPLACE PMTS     AMZN.COM/BILLWA,6.99,7.0,0.009999999999999787,294,0.011713078744703797,30.63458642366344
2017-03-13,AMAZON.COM AMZN.COM/BILL AMZN.COM/BILLWA,8.45,9.0,0.5500000000000007,293,0.6438729459415375,31.278459369604978
2017-03-13,TILT*BOSTONCLOVERCRAWL   HTTPSWWW.TILTCA,25.75,26.0,0.25,293,0.2926695208825167,31.571128890487493
2017-03-15,Spotify USA              646-8375380  NY,4.99,5.0,0.009999999999999787,291,0.011694195173486943,31.58282308566098
2017-03-15,UNIVERSITY CAP & GOWN    800-5855500  MA,29.0,29.0,0.0,291,0.0,31.58282308566098
2017-03-15,BC ROBSHAM THEATER       617-552-4002 MA,30.0,30.0,0.0,291,0.0,31.58282308566098
2017-03-16,MARTIGNETTI LIQUORS      BRIGHTON     MA,72.87,73.0,0.12999999999999545,290,0.15194279642667052,31.73476588208765
2017-03-16,DORRS LIQUOR MART        BRIGHTON     MA,24.98,25.0,0.019999999999999574,290,0.023375814834872707,31.75814169692252
2017-03-17,UBER US MAR16 VVW66 HELP.800-5928996  CA,5.48,6.0,0.5199999999999996,289,0.6074443981942996,32.36558609511682
2017-03-17,UBER TECHNOLOGIES INC    866-576-1039 CA,2.97,3.0,0.029999999999999805,289,0.03504486912659401,32.40063096424341
2017-03-17,UNDER ARMOUR DIRECT VIRT UNDERARMOUR.CMD,56.31,57.0,0.6899999999999977,289,0.8060319899116648,33.20666295415508
2017-03-17,The Green Briar          Brighton     MA,37.1,38.0,0.8999999999999986,289,1.0513460737978255,34.2580090279529
2017-03-17,TARGET        00014423   WATERTOWN    MA,8.77,9.0,0.23000000000000043,289,0.2686773299705563,34.52668635792346
2017-03-18,STEVES GREEK CUISINE     BOSTON       MA,15.0,15.0,0.0,288,0.0,34.52668635792346
2017-03-18,UBER   US MAR18 RSKOF    HELP.UBER.COMCA,8.22,9.0,0.7799999999999994,288,0.9106766795843972,35.43736303750786
2017-03-18,UBER   US MAR18 L3DXN    HELP.UBER.COMCA,3.47,4.0,0.5299999999999998,288,0.6187931284355522,36.05615616594341
2017-03-19,UBER   US MAR19 UO6VX    HELP.UBER.COMCA,7.71,8.0,0.29000000000000004,287,0.33840286837972317,36.39455903432314
2017-03-21,PLUM MARKET - 101        DETROIT      MI,10.6,11.0,0.40000000000000036,285,0.46626077252093184,36.86081980684407
2017-03-22,MSN ANCORA ROASTER       MADISON      WI,15.8,16.0,0.1999999999999993,284,0.23300503629195154,37.09382484313602
2017-03-22,CHICK FIL A - 107        DETROIT      MI,8.42,9.0,0.5800000000000001,284,0.6757146052466619,37.76953944838268
2017-03-23,LANSDOWNE PUB            BOSTON       MA,12.0,12.0,0.0,283,0.0,37.76953944838268
2017-03-24,JIMS RESTAURANT & DELI   BRIGHTON     MA,12.09,13.0,0.9100000000000001,282,1.0590331502381605,38.82857259862084
2017-03-24,UBER TECHNOLOGIES INC    866-576-1039 CA,6.43,7.0,0.5700000000000003,282,0.6633504347645623,39.4919230333854
2017-03-24,TASTY BURGER             BOSTON       MA,11.31,12.0,0.6899999999999995,282,0.8030031578728902,40.294926191258284
2017-03-24,UBER US MAR24 HS4C2 HELP.800-5928996  CA,5.0,5.0,0.0,282,0.0,40.294926191258284
2017-03-24,NORDSTROM DIRECT #0808   888-282-6060 IA,99.9,100.0,0.09999999999999432,282,0.11637726925693408,40.41130346051522
2017-03-24,RESERVOIR WINE & SPIRITS BRIGHTON     MA,35.69,36.0,0.3100000000000023,282,0.3607695346965188,40.77207299521174
2017-03-25,TAVERN IN THE SQUARE     ALLSTON      MA,30.5,31.0,0.5,281,0.5815734765796636,41.3536464717914
2017-03-25,TAVERN IN THE SQUARE     ALLSTON      MA,14.5,15.0,0.5,281,0.5815734765796636,41.93521994837106
2017-03-25,UBER   US MAR24 Z7643    HELP.UBER.COMCA,6.01,6.0,-0.009999999999999787,281,-0.011631469531593025,41.92358847883947
2017-03-25,UBER TECHNOLOGIES INC    866-576-1039 CA,4.57,5.0,0.4299999999999997,281,0.5001531898585104,42.42374166869798
2017-03-26,MADDIES CITY CONVENIENCE BRIGHTON     MA,10.97,11.0,0.02999999999999936,280,0.03487564650593768,42.45861731520392
2017-03-29,WPY*261 Fearless         855-469-3729 CA,10.45,11.0,0.5500000000000007,277,0.6383560470086092,43.09697336221252
2017-03-30,RESERVOIR WINE & SPIRITS BRIGHTON     MA,36.18,37.0,0.8200000000000003,276,0.9512191053627276,44.04819246757525
2017-03-30,PINO'S CORP              BRIGHTON     MA,19.25,20.0,0.75,276,0.8700174744171285,44.91820994199237
2017-03-30,LANSDOWNE PUB            BOSTON       MA,30.0,30.0,0.0,276,0.0,44.91820994199237
2017-03-31,UBER TECHNOLOGIES INC    866-576-1039 CA,11.24,12.0,0.7599999999999998,275,0.8811436776029585,45.79935361959533
2017-03-31,UBER TECHNOLOGIES INC    866-576-1039 CA,2.37,3.0,0.6299999999999999,275,0.730421732749821,46.52977535234515
2017-04-01,TAVERN IN THE SQUARE     ALLSTON      MA,33.0,33.0,0.0,274,0.0,46.52977535234515
2017-04-01,UBER US APR01 IQBZZ HELP.800-5928996  CA,8.74,9.0,0.2599999999999998,274,0.301281808809446,46.8310571611546
2017-04-02,TAVERN IN THE SQUARE     ALLSTON      MA,32.5,33.0,0.5,273,0.579076567424168,47.410133728578764
2017-04-02,UBER TECHNOLOGIES INC    866-576-1039 CA,3.18,4.0,0.8199999999999998,273,0.9496855705756354,48.3598192991544
2017-04-02,UBER TECHNOLOGIES INC    866-576-1039 CA,5.35,6.0,0.6500000000000004,273,0.7527995376514188,49.11261883680582
2017-04-04,AGOROS BOSTON            BRIGHTON     MA,18.0,18.0,0.0,271,0.0,49.11261883680582
2017-04-05,7-ELEVEN 32467           BRIGHTON     MA,3.4,4.0,0.6000000000000001,270,0.6937715913073381,49.80639042811316
2017-04-05,TILT*COMMENCEMENTBALLB   HTTPSWWW.TILTCA,54.59,55.0,0.4099999999999966,270,0.4740772540600104,50.280467682173175
2017-04-06,EL PELON TAQUERIA        BRIGHTON     MA,8.03,9.0,0.9700000000000006,269,1.1209943434213165,51.40146202559449
2017-04-07,UBER TECHNOLOGIES INC    866-576-1039 CA,5.7,6.0,0.2999999999999998,268,0.3465128675726348,51.747974893167125
2017-04-07,UBER TECHNOLOGIES INC    866-576-1039 CA,20.03,21.0,0.9699999999999989,268,1.1203916051515184,52.86836649831864
2017-04-07,RESERVOIR WINE & SPIRITS BRIGHTON     MA,45.97,46.0,0.030000000000001137,268,0.03465128675726481,52.90301778507591
2017-04-08,MBTA RESERVOIR           BROOKLINE    MA,9.0,9.0,0.0,267,0.0,52.90301778507591
2017-04-08,BC ROBSHAM THEATER       617-552-4002 MA,162.5,163.0,0.5,267,0.5772109231768704,53.48022870825278
2017-04-08,TAVERN IN THE SQUARE     ALLSTON      MA,14.5,15.0,0.5,267,0.5772109231768704,54.05743963142965
2017-04-08,RESERVOIR WINE & SPIRITS BRIGHTON     MA,42.97,43.0,0.030000000000001137,267,0.03463265539061353,54.09207228682027
2017-04-09,AMAZON MKTPLACE PMTS     AMAZON MKTPLAWA,103.91,104.0,0.09000000000000341,266,0.10384210212512776,54.1959143889454
2017-04-09,UBER TECHNOLOGIES INC    866-576-1039 CA,9.12,10.0,0.8800000000000008,266,1.0153449985567673,55.21125938750217
2017-04-09,UBER TECHNOLOGIES INC    866-576-1039 CA,6.08,7.0,0.9199999999999999,266,1.06149704394571,56.272756431447874
2017-04-10,AMAZON MKTPLACE PMTS     AMAZON MKTPLAWA,15.81,16.0,0.1899999999999995,265,0.21910434379937319,56.49186077524725
2017-04-10,BOSTON COLLEGE EMARKET   617-552-0789 MA,12.0,12.0,0.0,265,0.0,56.49186077524725
2017-04-11,ARAMARK FENWAY PARK      BOSTON       MA,9.5,10.0,0.5,264,0.5762803562599628,57.06814113150721
2017-04-11,ARAMARK FENWAY PARK      BOSTON       MA,10.75,11.0,0.25,264,0.2881401781299814,57.35628130963719
2017-04-11,LANSDOWNE PUB            BOSTON       MA,16.0,16.0,0.0,264,0.0,57.35628130963719
2017-04-14,TAVERN IN THE SQUARE     ALLSTON      MA,12.5,13.0,0.5,261,0.5753512895828324,57.93163259922002
2017-04-14,TAVERN IN THE SQUARE     ALLSTON      MA,17.0,17.0,0.0,261,0.0,57.93163259922002
2017-04-15,Spotify USA              646-8375380  NY,4.99,5.0,0.009999999999999787,260,0.011500838673178183,57.9431334378932
2017-04-15,UBER   US APR15 VK7YF    HELP.UBER.COMCA,8.47,9.0,0.5299999999999994,260,0.609544449678456,58.55267788757166
2017-04-15,MCDONALD'S F26788        BOSTON       MA,8.11,9.0,0.8900000000000006,260,1.0235746419128808,59.57625252948454
2017-04-20,LANSDOWNE PUB            BOSTON       MA,12.0,12.0,0.0,255,0.0,59.57625252948454
2017-04-20,AMAZON MKTPLACE PMTS     AMZN.COM/BILLWA,4.99,5.0,0.009999999999999787,255,0.011469952945543493,59.58772248243009
2017-04-21,UBER   US APR21 6L6AP    HELP.UBER.COMCA,7.98,8.0,0.019999999999999574,254,0.022927571520920696,59.61065005395101
2017-04-21,UBER   US APR21 S77NW    HELP.UBER.COMCA,3.79,4.0,0.20999999999999996,254,0.2407395009696724,59.85138955492069
2017-04-22,UBER   US APR22 UQ7TJ    HELP.UBER.COMCA,3.96,4.0,0.040000000000000036,253,0.04583048756544283,59.89722004248613
2017-04-22,RED SOX WINDOW TICKETS   BOSTON       MA,10.0,10.0,0.0,253,0.0,59.89722004248613
2017-04-22,RESERVOIR WINE & SPIRITS BRIGHTON     MA,5.54,6.0,0.45999999999999996,253,0.527050607002592,60.424270649488726
2017-04-22,TAVERN IN THE SQUARE     ALLSTON      MA,17.0,17.0,0.0,253,0.0,60.424270649488726
2017-04-22,BLEACHER BAR             BOSTON       MA,11.0,11.0,0.0,253,0.0,60.424270649488726
2017-04-23,UBER TECHNOLOGIES INC    866-576-1039 CA,5.24,6.0,0.7599999999999998,252,0.870311061571044,61.29458171105977
2017-04-23,JIMS RESTAURANT & DELI   BRIGHTON     MA,9.1,10.0,0.9000000000000004,252,1.0306315202815002,62.32521323134127
2017-04-23,TAVERN IN THE SQUARE     ALLSTON      MA,17.0,17.0,0.0,252,0.0,62.32521323134127
2017-04-23,"VARIETY GAMES, INC.      800-229-3939 UT",4.95,5.0,0.04999999999999982,252,0.05725730668230534,62.382470538023576
2017-04-25,APL* ITUNES.COM/BILL     866-712-7753 CA,10.56,11.0,0.4399999999999995,250,0.5033226071339776,62.88579314515755
2017-04-26,7-ELEVEN 32467           BRIGHTON     MA,3.08,4.0,0.9199999999999999,249,1.0518359576017187,63.93762910275927
2017-04-26,UBER US APR25 BHFJV HELP.800-5928996  CA,3.4,4.0,0.6000000000000001,249,0.6859799723489471,64.62360907510822
2017-04-26,7-ELEVEN 32467           BRIGHTON     MA,5.34,6.0,0.6600000000000001,249,0.7545779695838419,65.37818704469205
2017-04-28,UBER TECHNOLOGIES INC    866-576-1039 CA,5.61,6.0,0.3899999999999997,247,0.44540762029263986,65.8235946649847
2017-04-28,UBER TECHNOLOGIES INC    866-576-1039 CA,3.02,4.0,0.98,247,1.1192294048379163,66.9428240698226
2017-04-28,UBER   US APR28 WHTHS    HELP.UBER.COMCA,20.51,21.0,0.48999999999999844,247,0.5596147024189564,67.50243877224156
2017-04-29,TAVERN IN THE SQUARE     ALLSTON      MA,16.0,16.0,0.0,246,0.0,67.50243877224156
2017-04-29,TAVERN IN THE SQUARE     ALLSTON      MA,22.0,22.0,0.0,246,0.0,67.50243877224156
2017-04-30,UBER   US APR30 VRV7O    HELP.UBER.COMCA,3.57,4.0,0.43000000000000016,245,0.4905624943088783,67.99300126655044
2017-04-30,UBER US APR29 ZL2GE HELP.800-5928996  CA,6.79,7.0,0.20999999999999996,245,0.23957703210433579,68.23257829865477
2017-04-30,UBER   US APR29 KASJE    HELP.UBER.COMCA,4.19,5.0,0.8099999999999996,245,0.9240828381167234,69.15666113677149
2017-04-30,TAVERN IN THE SQUARE     ALLSTON      MA,15.0,15.0,0.0,245,0.0,69.15666113677149
2017-05-01,UBER   US APR30 S2SVM    HELP.UBER.COMCA,4.76,5.0,0.2400000000000002,244,0.27365510387611897,69.43031624064761
2017-05-03,EATALY BOSTON RESTAURANT BOSTON       MA,84.55,85.0,0.45000000000000284,242,0.512551695461367,69.94286793610898
2017-05-04,UBER   US MAY03 7IO26    HELP.UBER.COMCA,4.33,5.0,0.6699999999999999,241,0.7627222018751068,70.70559013798409
2017-05-04,PARKING METERS PIL       BOSTON       MA,0.5,1.0,0.5,241,0.5691956730411245,71.27478581102521
2017-05-04,RESERVOIR WINE & SPIRITS BRIGHTON     MA,82.45,83.0,0.5499999999999972,241,0.6261152403452337,71.90090105137044
2017-05-05,The White Horse Tavern   Allston      MA,5.0,5.0,0.0,240,0.0,71.90090105137044
2017-05-05,UBER   US MAY05 M7WFY    HELP.UBER.COMCA,4.47,5.0,0.5300000000000002,240,0.603023004493086,72.50392405586352
2017-05-05,LYFT   *RIDE THU 10PM    LYFT.COM     CA,3.56,4.0,0.43999999999999995,240,0.5006228716546371,73.00454692751816
2017-05-06,UBER TECHNOLOGIES INC    866-576-1039 CA,2.18,3.0,0.8199999999999998,239,0.9324773422507849,73.93702426976895
2017-05-06,UBER TECHNOLOGIES INC    866-576-1039 CA,5.0,5.0,0.0,239,0.0,73.93702426976895
2017-05-07,UBER TECHNOLOGIES INC    866-576-1039 CA,2.92,3.0,0.08000000000000007,238,0.09092448450183116,74.02794875427078
2017-05-07,TAVERN IN THE SQUARE     ALLSTON      MA,6.0,6.0,0.0,238,0.0,74.02794875427078
2017-05-07,TAVERN IN THE SQUARE     ALLSTON      MA,7.0,7.0,0.0,238,0.0,74.02794875427078
2017-05-09,UBER   US MAY09 CACHP    HELP.UBER.COMCA,2.9,3.0,0.10000000000000009,236,0.11353341738136932,74.14148217165216
2017-05-09,HAND SURGERY PC          NEWTON       MA,15.0,15.0,0.0,236,0.0,74.14148217165216
2017-05-09,HAND SURGERY PC          NEWTON       MA,5.0,5.0,0.0,236,0.0,74.14148217165216
2017-05-10,JIMS RESTAURANT & DELI   BRIGHTON     MA,22.15,23.0,0.8500000000000014,235,0.9645151664862227,75.10599733813838
2017-05-10,CVS/PHARMACY #01889      BRIGHTON     MA,4.24,5.0,0.7599999999999998,235,0.8623900312112093,75.96838736934959
2017-05-10,UBER   US MAY10 EQJ6I    HELP.UBER.COMCA,6.48,7.0,0.5199999999999996,235,0.5900563371445112,76.5584437064941
2017-05-10,UBER TECHNOLOGIES INC    866-576-1039 CA,6.35,7.0,0.6500000000000004,235,0.7375704214306401,77.29601412792475
2017-05-11,OLD NAVY US 5767         WATERTOWN    MA,18.0,18.0,0.0,234,0.0,77.29601412792475
2017-05-11,MARSHALLS #0100          WATERTOWN    MA,22.98,23.0,0.019999999999999574,234,0.02268227209938346,77.31869640002414
2017-05-11,LANSDOWNE PUB            BOSTON       MA,16.0,16.0,0.0,234,0.0,77.31869640002414
2017-05-12,UBER TECHNOLOGIES INC    866-576-1039 CA,4.68,5.0,0.3200000000000003,233,0.362721220067546,77.68141762009168
2017-05-12,AMAZON MKTPLACE PMTS     AMZN.COM/BILLWA,21.9,22.0,0.10000000000000142,233,0.11335038127110962,77.79476800136278
2017-05-12,UBER   US MAY12 LMSNW    HELP.UBER.COMCA,9.69,10.0,0.3100000000000005,233,0.3513861819404354,78.14615418330322
2017-05-12,ALLEN EDMONDS ECOMMERCE  262-235-2385 WI,377.33,378.0,0.6700000000000159,233,0.7594475545164417,78.90560173781967
2017-05-13,TAVERN IN THE SQUARE     ALLSTON      MA,17.0,17.0,0.0,232,0.0,78.90560173781967
2017-05-14,RESERVOIR WINE & SPIRITS BRIGHTON     MA,9.99,10.0,0.009999999999999787,231,0.01132285211641149,78.91692458993607
2017-05-14,MBTA RESERVOIR           BROOKLINE    MA,4.5,5.0,0.5,231,0.5661426058205865,79.48306719575666
2017-05-14,AMELIA'S TAQUERIA 3      Boston       MA,10.76,11.0,0.2400000000000002,231,0.27174845079388177,79.75481564655054
2017-05-14,UBER TECHNOLOGIES INC    866-576-1039 CA,9.58,10.0,0.41999999999999993,231,0.47555978888929257,80.23037543543984
2017-05-14,UBER TECHNOLOGIES INC    866-576-1039 CA,8.82,9.0,0.17999999999999972,231,0.20381133809541083,80.43418677353525
2017-05-14,UBER TECHNOLOGIES INC    866-576-1039 CA,3.48,4.0,0.52,231,0.58878831005341,81.02297508358866
2017-05-14,DUNKIN #339670       Q35 CHESTNUT HILLMA,5.49,6.0,0.5099999999999998,231,0.577465457936998,81.60044054152566
2017-05-15,Spotify USA              646-8375380  NY,4.99,5.0,0.009999999999999787,230,0.011316764024768696,81.61175730555043
2017-05-15,ALG*AIR     6YFY6D       702-505-8888 NV,78.0,78.0,0.0,230,0.0,81.61175730555043
2017-05-15,UBER   US MAY15 7VUTI    HELP.UBER.COMCA,12.0,12.0,0.0,230,0.0,81.61175730555043
2017-05-15,UBER   US MAY15 6BDS5    HELP.UBER.COMCA,8.1,9.0,0.9000000000000004,230,1.0185087622292048,82.63026606777963
2017-05-15,CASK N FLAGON            BOSTON       MA,13.83,14.0,0.16999999999999993,230,0.19238498842107185,82.8226510562007
2017-05-15,CASK N FLAGON            BOSTON       MA,23.4,24.0,0.6000000000000014,230,0.6790058414861379,83.50165689768684
2017-05-15,DELTA AIR   0062383071863DELTA.COM    CA,186.8,187.0,0.19999999999998863,230,0.2263352804953659,83.7279921781822
2017-05-15,VIRGIN AMER 9842150660898SAN FRANCISCOCA,151.2,152.0,0.8000000000000114,230,0.9053411219815278,84.63333330016373
2017-05-16,RESERVOIR WINE & SPIRITS BRIGHTON     MA,23.72,24.0,0.28000000000000114,229,0.3166990177843054,84.95003231794803
2017-05-16,COOGANS                  BOSTON       MA,9.56,10.0,0.4399999999999995,229,0.49766988508962023,85.44770220303765
2017-05-16,DUNKIN #339670       Q35 CHESTNUT HILLMA,3.72,4.0,0.2799999999999998,229,0.3166990177843039,85.76440122082195
2017-05-17,UBER TECHNOLOGIES INC    866-576-1039 CA,8.12,9.0,0.8800000000000008,228,0.9948045940880714,86.75920581491002
2017-05-17,UBER   US MAY17 NEMR7    HELP.UBER.COMCA,7.82,8.0,0.17999999999999972,228,0.20348275788165046,86.96268857279166
2017-05-18,UBER US MAY18 W6HPC HELP.800-5928996  CA,23.56,24.0,0.4400000000000013,227,0.49713485287567644,87.45982342566734
2017-05-19,BRIGHTON CELLAR AND GOURMBRIGHTON     MA,13.99,14.0,0.009999999999999787,226,0.011292444375162934,87.4711158700425
2017-05-20,TWELVE HOURS             BRIGHTON     MA,11.89,12.0,0.10999999999999943,225,0.12415009896530711,87.5952659690078
2017-05-21,UBER   US MAY21 HNT3R    HELP.UBER.COMCA,10.53,11.0,0.47000000000000064,224,0.5301742953283173,88.12544026433612
2017-05-22,UBER   US MAY22 Q65SH    HELP.UBER.COMCA,3.25,4.0,0.75,223,0.8455679206157496,88.97100818495187
2017-05-22,UBER   US MAY22 WLRUA    HELP.UBER.COMCA,13.95,14.0,0.05000000000000071,223,0.05637119470771745,89.02737937965959
2017-05-23,MCDONALD'S F6826         HAMDEN       CT,5.32,6.0,0.6799999999999997,222,0.7662360352057928,89.79361541486539
2017-05-24,RT 72 BUY RITE           MANAHAWKIN   NJ,6.68,7.0,0.3200000000000003,221,0.36038778542398864,90.15400320028938
2017-05-26,KING KULLEN #33          MANORVILLE   NY,69.22,70.0,0.7800000000000011,219,0.8775008328882733,91.03150403317765
2017-05-26,BRIDGEPORT - PORT JEFFERSPORT JEFFERSONY,74.0,74.0,0.0,219,0.0,91.03150403317765
2017-05-26,SUNOCO 0434581500        FORKED RIVER NJ,12.16,13.0,0.8399999999999999,219,0.9450008969566005,91.97650493013425
2017-05-26,PARK PLACE WINES & LIQUOREAST HAMPTON NY,54.3,55.0,0.7000000000000028,219,0.787500747463837,92.76400567759809
2017-05-28,GULF OIL 92046605        AMAGANSETT   NY,18.36,19.0,0.6400000000000006,217,0.7192266290047923,93.48323230660289
2017-05-29,SUBWAY        00524959   NORTH HAVEN  CT,17.63,18.0,0.370000000000001,216,0.41557932523944124,93.89881163184232
2017-06-02,CVS/PHARMACY #00278      ARLINGTON    MA,4.25,5.0,0.75,212,0.8405802325759795,94.7393918644183
2017-06-02,CONTAN DISCOUNT LIQUOR   SOMERVILLE   MA,25.49,26.0,0.5100000000000016,212,0.5715945581516678,95.31098642256997
2017-06-02,CAFFE NERO ARLINGTON NO 1ARLINGTON    MA,9.58,10.0,0.41999999999999993,212,0.47072493024254847,95.78171135281252
2017-06-02,CAFFE NERO ARLINGTON NO 1ARLINGTON    MA,3.26,4.0,0.7400000000000002,212,0.8293724961416333,96.61108384895415
2017-06-03,CAFFE NERO ARLINGTON NO 1ARLINGTON    MA,3.26,4.0,0.7400000000000002,211,0.8289265576350973,97.44001040658925
2017-06-04,CAFFE NERO ARLINGTON NO 1ARLINGTON    MA,3.96,4.0,0.040000000000000036,210,0.04478274912981545,97.48479315571906
2017-06-04,TST* CHARLIE'S KITCHEN   CAMBRIDGE    MA,7.0,7.0,0.0,210,0.0,97.48479315571906
2017-06-04,UBER   TRIP KW5UJ        HELP.UBER.COMCA,22.49,23.0,0.5100000000000016,210,0.5709800514051482,98.0557732071242
2017-06-04,UBER   US JUN04 S4MYA    HELP.UBER.COMCA,21.4,22.0,0.6000000000000014,210,0.6717412369472328,98.72751444407143
2017-06-04,TST* CHARLIE'S KITCHEN   CAMBRIDGE    MA,14.99,15.0,0.009999999999999787,210,0.011195687282453614,98.73871013135388
2017-06-05,"STUBHUB, INC.            866-788-2482 CA",120.2,121.0,0.7999999999999972,209,0.895173405202349,99.63388353655623
2017-06-06,ENGINE COMPANY NO 28 RESTLOS ANGELES  CA,293.83,294.0,0.17000000000001592,208,0.1901220684330757,99.8240056049893
2017-06-06,IN N OUT BURGER 055      LOS ANGELES  CA,8.16,9.0,0.8399999999999999,208,0.9394266910809919,100.76343229607029
2017-06-07,ALG*AIR     6YFY6D       702-505-8888 NV,18.0,18.0,0.0,207,0.0,100.76343229607029
2017-06-07,ALLEN EDMONDS ECOMMERCE  262-235-2385 WI,17.16,18.0,0.8399999999999999,207,0.938921578435504,101.70235387450579
2017-06-07,Urth Caffe III (Santa MonSanta Monica CA,13.44,14.0,0.5600000000000005,207,0.6259477189570033,102.3283015934628
2017-06-08,UBER   TRIP 3RWSA        HELP.UBER.COMCA,2.27,3.0,0.73,206,0.815528831294436,103.14383042475723
2017-06-08,UBER   TRIP F7GEO        HELP.UBER.COMCA,2.57,3.0,0.43000000000000016,206,0.48037999651590085,103.62421042127313
2017-06-09,WHEALTHY                 LOS ANGELES  CA,12.51,13.0,0.4900000000000002,205,0.5471154311980861,104.17132585247121
2017-06-10,LOS ANGELES AIRPORT      LOS ANGELES  CA,14.14,15.0,0.8599999999999994,204,0.9597271044413052,105.13105295691251
2017-06-11,CONOCO - POLSON BAY GROCEPOLSON       MT,27.48,28.0,0.5199999999999996,203,0.579988092847726,105.71104104976024
2017-06-11,GREAT NORTHERN BAR & GRILWHITEFISH    MT,16.0,16.0,0.0,203,0.0,105.71104104976024
2017-06-11,FLATHEAD BOAT COMPANY    4062503557   MT,49.0,49.0,0.0,203,0.0,105.71104104976024
2017-06-11,A & W RESTAURANT POLSO   POLSON       MT,13.75,14.0,0.25,203,0.27884042925371466,105.98988147901396
2017-06-12,SQ *SWEET PEAKS WHI      WHITEFISH    MT,5.12,6.0,0.8799999999999999,202,0.9809905664291347,106.97087204544309
2017-06-12,CHICK-FIL-A #03434       KALISPELL    MT,6.7,7.0,0.2999999999999998,202,0.3344286021917503,107.30530064763484
2017-06-12,LATITUDE 48              406-8632323  MT,225.17,226.0,0.8300000000000125,202,0.925252466063857,108.23055311369869
2017-06-13,F7 BURGER KING20352035   ST PAUL      MN,5.89,6.0,0.11000000000000032,201,0.12255788820547994,108.35311100190417
2017-06-15,ADY*Spotify P02A7FF039   https://www.sNY,4.99,5.0,0.009999999999999787,199,0.011129648122033433,108.3642406500262
2017-06-16,CAFFE NERO ARLINGTON NO 1ARLINGTON    MA,3.26,4.0,0.7400000000000002,198,0.823151129537185,109.18739177956338
2017-06-17,UBER   US JUN17 UN2K7    HELP.UBER.COMCA,8.99,9.0,0.009999999999999787,197,0.011117682920895945,109.19850946248428
2017-06-17,THE BURREN               SOMERVILLE   MA,5.5,6.0,0.5,197,0.5558841460448091,109.75439360852909
2017-06-20,AMAZON MKTPLACE PMTS     AMZN.COM/BILLWA,4.98,5.0,0.019999999999999574,194,0.022199518467795866,109.77659312699689
2017-06-21,AMAZON MKTPLACE PMTS     AMZN.COM/BILLWA,5.15,6.0,0.8499999999999996,193,0.9429722430954581,110.71956537009234
2017-07-01,MIDDLEBORO DISCOUNT LIQUOMIDDLEBORO   MA,77.43,78.0,0.5699999999999932,183,0.6289542972723737,111.34851966736471
2017-07-02,PILO'S MOTO PIZZA        SANDWICH     MA,6.42,7.0,0.5800000000000001,182,0.6396444729683815,111.9881641403331
2017-07-04,FELIPES TAQUERIA         CAMBRIDGE    MA,19.05,20.0,0.9499999999999993,180,1.046567184685502,113.0347313250186
2017-07-04,FELIPES TAQUERIA         CAMBRIDGE    MA,7.92,8.0,0.08000000000000007,180,0.08813197344720032,113.1228632984658
2017-07-05,UBER   US JUL05 M2XXX    HELP.UBER.COMCA,9.93,10.0,0.07000000000000028,179,0.07707401317702071,113.19993731164283
2017-07-05,DOWNTOWN WINE & SPIRITS  SOMERVILLE   MA,25.98,26.0,0.019999999999999574,179,0.02202114662200536,113.22195845826484
2017-07-07,#07563 STAR MARKET       CAMBRIDGE    MA,30.82,31.0,0.17999999999999972,177,0.19797725023489776,113.41993570849974
2017-07-08,UBER   US JUL08 7WE3Y    HELP.UBER.COMCA,6.64,7.0,0.3600000000000003,176,0.3957416029365201,113.81567731143626
2017-07-08,THE BURREN               SOMERVILLE   MA,24.0,24.0,0.0,176,0.0,113.81567731143626
2017-07-08,MBTA ALEWIFE             CAMBRIDGE    MA,9.0,9.0,0.0,176,0.0,113.81567731143626
2017-07-09,LULULEMON ECOM EGFTCRD   877-850-1977 ME,50.0,50.0,0.0,175,0.0,113.81567731143626
2017-07-10,#07563 STAR MARKET       CAMBRIDGE    MA,10.09,11.0,0.9100000000000001,174,0.9992713822551372,114.81494869369139
2017-07-14,CVS/PHARMACY #00260      BOSTON       MA,1.59,2.0,0.4099999999999999,170,0.44925364996055867,115.26420234365195
2017-07-15,Spotify USA              646-8375380  NY,4.99,5.0,0.009999999999999787,169,0.010951514498634083,115.27515385815057
2017-07-15,THE BURREN               SOMERVILLE   MA,53.0,53.0,0.0,169,0.0,115.27515385815057
2017-07-21,DOWNTOWN WINE & SPIRITS  SOMERVILLE   MA,7.99,8.0,0.009999999999999787,163,0.01091623137517002,115.28607008952575
2017-07-21,TENOCH MEXICAN TAQUERIA  SOMERVILLE   MA,7.49,8.0,0.5099999999999998,163,0.5567278001336827,115.84279788965944
2017-07-26,UBER   US JUL26 Y6M4T    HELP.UBER.COMCA,13.41,14.0,0.5899999999999999,158,0.6423280216915516,116.48512591135099
2017-07-26,TASTY BURGER             BOSTON       MA,9.63,10.0,0.3699999999999992,158,0.40281587800995533,116.88794178936095
2017-07-27,WALGREENS #1863          LEXINGTON    MA,3.5,4.0,0.5,157,0.5440530962686099,117.43199488562956
2017-07-27,LEXINGTON EYE ASSOCIAT   LEXINGTON    MA,10.0,10.0,0.0,157,0.0,117.43199488562956
2017-07-29,YARD HOUSE 83300083360   BOSTON       MA,59.81,60.0,0.18999999999999773,155,0.20651791548550255,117.63851280111507
2017-07-30,UBER TECHNOLOGIES INC    866-576-1039 CA,6.77,7.0,0.23000000000000043,154,0.24986095341292075,117.88837375452799
2017-08-02,UBER   US AUG02 2AWLX    HELP.UBER.COMCA,10.44,11.0,0.5600000000000005,151,0.6073763238486258,118.49575007837662
2017-08-03,MBTA PORTER SQ           CAMBRIDGE    MA,9.0,9.0,0.0,150,0.0,118.49575007837662
2017-08-03,TONY C'S SPORTS BAR      SOMERVILLE   MA,33.89,34.0,0.10999999999999943,150,0.11924191491265788,118.61499199328928
2017-08-03,BAR HARBOR VILLAGER MOTEL207-2883211  ME,227.81,228.0,0.18999999999999773,150,0.20596330757640766,118.82095530086569
2017-08-04,ARLINGTON LIQUORS        ARLINGTON    MA,5.5,6.0,0.5,149,0.5417172759262894,119.36267257679198
2017-08-04,DOWNTOWN WINE & SPIRITS  SOMERVILLE   MA,49.98,50.0,0.020000000000003126,149,0.021668691037054964,119.38434126782903
2017-08-04,UBER   US AUG04 YK3DM    HELP.UBER.COMCA,5.8,6.0,0.20000000000000018,149,0.21668691037051593,119.60102817819954
2017-08-04,UBER   US AUG04 N3BOX    HELP.UBER.COMCA,11.51,12.0,0.4900000000000002,149,0.5308829304077638,120.13191110860731
2017-08-04,ANNA'S TAQUERIA          SOMERVILLE   MA,9.31,10.0,0.6899999999999995,149,0.7475698407782788,120.8794809493856
2017-08-05,UBER   US AUG05 UYSZX    HELP.UBER.COMCA,3.76,4.0,0.2400000000000002,148,0.2598844821118973,121.1393654314975
2017-08-05,UBER   TRIP OJVUZ        HELP.UBER.COMCA,4.27,5.0,0.7300000000000004,148,0.7904819664236874,121.92984739792118
2017-08-06,UBER   TRIP URGOI        HELP.UBER.COMCA,45.96,46.0,0.03999999999999915,147,0.0432907911587738,121.97313818907995
2017-08-06,UBER   TRIP B4W4K        HELP.UBER.COMCA,21.76,22.0,0.23999999999999844,147,0.25974474695264665,122.2328829360326
2017-08-15,Spotify USA              646-8375380  NY,4.99,5.0,0.009999999999999787,138,0.010770437777652256,122.24365337381025
2017-08-15,THE ICE CREAM SHOP       GIRDWOOD     AK,8.0,8.0,0.0,138,0.0,122.24365337381025
2017-08-20,STAUBUCKS ANC 30021513   ANCHORAGE    AK,5.45,6.0,0.5499999999999998,133,0.5907832455764873,122.83443661938674
2017-08-21,MA MAGOOS                CAMBRIDGE    MA,10.43,11.0,0.5700000000000003,132,0.6119370682494436,123.44637368763618
2017-08-24,E-ZPass MA               877-6277745  MA,20.0,20.0,0.0,129,0.0,123.44637368763618
2017-08-26,BIG APPLE #2032          WEST GARDINERME,19.08,20.0,0.9200000000000017,127,0.9850354444208533,124.43140913205704
2017-08-26,TRENTON BRIDGE LOBSTER   TRENTON      ME,38.72,39.0,0.28000000000000114,127,0.2997933961280865,124.73120252818512
2017-08-27,CHINA JOY                BAR HARBOR   ME,11.29,12.0,0.7100000000000009,126,0.759781656774501,125.49098418495963
2017-08-27,WEST STREET CAFE         BAR HARBOR   ME,55.44,56.0,0.5600000000000023,126,0.5992644053432702,126.0902485903029
2017-08-28,MOUNT DESERT ISLAND ICE  BAR HARBOR   ME,4.27,5.0,0.7300000000000004,125,0.7807639285598568,126.87101251886276
2017-08-28,Harbor Wear              Bar Harbor   ME,15.83,16.0,0.16999999999999993,125,0.18182173678791166,127.05283425565067
2017-08-29,SHELL OIL 12583496000    ELLSWORTH    ME,16.0,16.0,0.0,124,0.0,127.05283425565067
2017-08-29,BAR HARBOR VILLAGER MOTEL207-2883211  ME,433.82,434.0,0.18000000000000682,124,0.19241362010861382,127.24524787575928
2017-08-31,CVS/PHARMACY #00130      ARLINGTON    MA,6.36,7.0,0.6399999999999997,122,0.6834018173436295,127.92864969310291
2017-09-04,FOUNDRY ON ELM           SOMERVILLE   MA,7.92,8.0,0.08000000000000007,118,0.08524164893059989,128.0138913420335
2017-09-06,SOCIAL BOSTON SPORTS     888-7272005  MA,86.96,87.0,0.04000000000000625,116,0.04257500390280708,128.05646634593631
2017-09-08,DOWNTOWN WINE & SPIRITS  SOMERVILLE   MA,6.99,7.0,0.009999999999999787,114,0.010632308150204842,128.06709865408652
2017-09-08,UBER   TRIP YQF4A        HELP.UBER.COMCA,5.7,6.0,0.2999999999999998,114,0.31896924450615183,128.38606789859267
2017-09-09,UBER TECHNOLOGIES INC    866-576-1039 CA,6.05,7.0,0.9500000000000002,113,1.0095261783918619,129.39559407698454
2017-09-09,UBER TECHNOLOGIES INC    866-576-1039 CA,6.79,7.0,0.20999999999999996,113,0.22315841838135883,129.6187524953659
2017-09-09,UBER TECHNOLOGIES INC    866-576-1039 CA,6.23,7.0,0.7699999999999996,113,0.8182475340649821,130.4370000294309
2017-09-09,CITY OF SOMERVILLE PARKINSOMERVILLE   MA,1.0,1.0,0.0,113,0.0,130.4370000294309
2017-09-11,601 EDGEWATER CAFE       WAKEFIELD    MA,5.62,6.0,0.3799999999999999,111,0.40337634500717534,130.84037637443808
2017-09-15,Spotify USA              646-8375380  NY,4.99,5.0,0.009999999999999787,107,0.010592355051600135,130.8509687294897
2017-09-15,ARLINGTON LIQUORS        ARLINGTON    MA,21.0,21.0,0.0,107,0.0,130.8509687294897
2017-09-15,UBER   TRIP XZ6H5        HELP.UBER.COMCA,8.7,9.0,0.3000000000000007,107,0.3177706515480116,131.1687393810377
2017-09-15,Grainne O'Malley's TavernBrookline    MA,16.5,17.0,0.5,107,0.5296177525800181,131.69835713361772
2017-09-16,CHIPOTLE 1059            BRIGHTON     MA,7.28,8.0,0.7199999999999998,106,0.7622395009158976,132.46059663453363
2017-09-16,LYFT   *RIDE SAT 12PM    LYFT.COM     CA,3.93,4.0,0.06999999999999984,106,0.07410661814460102,132.53470325267824
2017-09-16,UNIVERSITY WINE SHOP INC CAMBRIDGE    MA,24.0,24.0,0.0,106,0.0,132.53470325267824
2017-09-16,"STUBHUB, INC.            866-788-2482 CA",74.9,75.0,0.09999999999999432,106,0.10586659734942425,132.64056985002767
2017-09-16,UBER   TRIP CCLXK        HELP.UBER.COMCA,11.29,12.0,0.7100000000000009,106,0.7516528411809558,133.39222269120862
2017-09-16,UBER   TRIP QLHEA        HELP.UBER.COMCA,3.46,4.0,0.54,106,0.5716796256869235,133.96390231689554
2017-09-17,UBER   US SEP16 NZGA7    HELP.UBER.COMCA,34.51,35.0,0.490000000000002,105,0.5184674065471417,134.48236972344267
2017-09-17,UBER   TRIP RCLID        HELP.UBER.COMCA,10.79,11.0,0.21000000000000085,105,0.2222003170916322,134.7045700405343
2017-09-17,LYFT   *RIDE SAT 9PM     LYFT.COM     CA,7.16,8.0,0.8399999999999999,105,0.8888012683665251,135.59337130890083
2017-09-23,UBER   US SEP23 6MVLC    HELP.UBER.COMCA,6.0,6.0,0.0,99,0.0,135.59337130890083
2017-09-24,UBER   TRIP LVMNX        HELP.UBER.COMCA,5.48,6.0,0.5199999999999996,98,0.5481427798673907,136.14151408876822
2017-09-24,UBER   US SEP24 Q4XDT    HELP.UBER.COMCA,6.35,7.0,0.6500000000000004,98,0.6851784748342393,136.82669256360245
2017-09-25,SOMERVILLEMA PARKTICKET  617-2392365  MA,50.0,50.0,0.0,97,0.0,136.82669256360245
2017-09-25,SANDBOXX                 WWW.SANDBOXX.VA,3.0,3.0,0.0,97,0.0,136.82669256360245
2017-09-28,KOHL'S #0540             WOBURN       MA,32.93,33.0,0.07000000000000028,94,0.07362988025189345,136.90032244385435
2017-09-30,SOULCYCLE-ONLINE         NEW YORK     NY,30.0,30.0,0.0,92,0.0,136.90032244385435
2017-09-30,SOULCYCLE-ONLINE         NEW YORK     NY,20.0,20.0,0.0,92,0.0,136.90032244385435
2017-10-03,SOULCYCLE-ONLINE         212-787-7685 NY,60.0,60.0,0.0,89,0.0,136.90032244385435
2017-10-03,FRG*MLBSHOP.COM          888-652-7467 FL,5.98,6.0,0.019999999999999574,89,0.020980613075878965,136.92130305693024
2017-10-03,SHELL OIL 57544921406    WAKEFIELD    MA,22.26,23.0,0.7399999999999984,89,0.7762826838075366,137.69758574073776
2017-10-04,FRG*MLBSHOP.COM          888-652-7467 FL,11.98,12.0,0.019999999999999574,88,0.020969332181823768,137.7185550729196
2017-10-05,UBER   TRIP ODM7Y        HELP.UBER.COMCA,9.32,10.0,0.6799999999999997,87,0.712573950012219,138.43112902293183
2017-10-06,TST* HARPOON             BOSTON       MA,10.0,10.0,0.0,86,0.0,138.43112902293183
2017-10-06,TST* HARPOON             BOSTON       MA,9.25,10.0,0.75,86,0.7855045720142683,139.2166335949461
2017-10-06,TST* HARPOON             BOSTON       MA,20.0,20.0,0.0,86,0.0,139.2166335949461
2017-10-06,CENTRAL ROCK GYM CAMBRIDGCAMBRIDGE    MA,23.0,23.0,0.0,86,0.0,139.2166335949461
2017-10-07,UBER   TRIP ODM7Y        800-592-8996 CA,9.32,10.0,0.6799999999999997,85,0.7118078799133493,139.92844147485945
2017-10-07,CITYSIDE BAR & GRILL     BRIGHTON     MA,57.6,58.0,0.3999999999999986,85,0.41871051759608646,140.34715199245554
2017-10-07,MBTA PORTER SQ           CAMBRIDGE    MA,9.0,9.0,0.0,85,0.0,140.34715199245554
2017-10-08,SOULCYCLE-ONLINE         212-787-7685 NY,3.0,3.0,0.0,84,0.0,140.34715199245554
2017-10-08,UBER TECHNOLOGIES INC    866-576-1039 CA,14.13,15.0,0.8699999999999992,84,0.9102057114316792,141.2573577038872
2017-10-08,UBER   US OCT08 OOVNH    HELP.UBER.COMCA,13.39,14.0,0.6099999999999994,84,0.6381902114635911,141.8955479153508
2017-10-13,SQ *ROXY'S GOURMET       LYNNFIELD    MA,8.51,9.0,0.4900000000000002,79,0.5112678789847804,142.40681579433556
2017-10-13,SHELL OIL 57544921406    WAKEFIELD    MA,13.81,14.0,0.1899999999999995,79,0.19824672858593465,142.6050625229215
2017-10-14,DOWNTOWN WINE & SPIRITS  SOMERVILLE   MA,24.99,25.0,0.010000000000001563,78,0.010428428153985259,142.61549095107546
2017-10-14,UBER   TRIP HEWRA        HELP.UBER.COMCA,6.4,7.0,0.5999999999999996,78,0.6257056892390174,143.24119664031448
2017-10-15,UBER TECHNOLOGIES INC    866-576-1039 CA,6.93,7.0,0.07000000000000028,77,0.07295974684486375,143.31415638715936
2017-10-15,Spotify USA              646-8375380  NY,4.99,5.0,0.009999999999999787,77,0.010422820977837415,143.3245792081372
2017-10-15,TST* MIDDLESEX LOUNGE    CAMBRIDGE    MA,29.0,29.0,0.0,77,0.0,143.3245792081372
2017-10-15,UBER   US OCT15 7J6ZK    HELP.UBER.COMCA,6.05,7.0,0.9500000000000002,77,0.9901679928945757,144.3147472010318
2017-10-16,WALGREENS #1864          ARLINGTON    MA,3.18,4.0,0.8199999999999998,76,0.8542117789585985,145.16895897999038
2017-10-20,LANDS END                800-332-4700 WI,38.97,39.0,0.030000000000001137,72,0.031184490863549127,145.20014347085393
2017-10-21,FELIPES TAQUERIA         CAMBRIDGE    MA,6.31,7.0,0.6900000000000004,71,0.716857641189876,145.9170011120438
2017-10-21,CAFFE NERO 1012 ARLINGTONARLINGTON    MA,2.25,3.0,0.75,71,0.7791930882498649,146.69619420029366
2017-10-21,UBER   TRIP U3IYS        HELP.UBER.COMCA,16.0,16.0,0.0,71,0.0,146.69619420029366
2017-10-22,TST* MIRACLE OF SCIENCE BCAMBRIDGE    MA,14.0,14.0,0.0,70,0.0,146.69619420029366
2017-10-27,UBER   US OCT27 6AOTY    HELP.UBER.COMCA,14.71,15.0,0.28999999999999915,65,0.3003173172825367,146.9965115175762
2017-10-27,AGOROS BOSTON            BRIGHTON     MA,7.0,7.0,0.0,65,0.0,146.9965115175762
2017-10-27,AGOROS BOSTON            BRIGHTON     MA,12.0,12.0,0.0,65,0.0,146.9965115175762
2017-10-28,UBER   US OCT28 EIYJK    HELP.UBER.COMCA,6.12,7.0,0.8799999999999999,64,0.9108177278221558,147.90732924539836
2017-10-28,DOWNTOWN WINE & SPIRITS  SOMERVILLE   MA,6.08,7.0,0.9199999999999999,64,0.9522185336322538,148.8595477790306
2017-10-28,ANNA'S TAQUERIA          SOMERVILLE   MA,8.77,9.0,0.23000000000000043,64,0.2380546334080639,149.09760241243868
2017-10-29,UBER   US OCT29 XXN5O    HELP.UBER.COMCA,4.29,5.0,0.71,63,0.7344691799591697,149.83207159239785
2017-10-30,"STUBHUB, INC.            866-788-2482 CA",19.88,20.0,0.120000000000001,62,0.12406889057571514,149.95614048297358
2017-10-31,DNCSS TD GARDEN CONCES   BOSTON       MA,19.75,20.0,0.25,61,0.2583378770621216,150.2144783600357
2017-11-04,GAP OUTLET US 4236       EVERETT      MA,29.99,30.0,0.010000000000001563,57,0.010311308428229847,150.22478966846396
2017-11-07,SHELL OIL 57544627607    ARLINGTON    MA,21.82,22.0,0.17999999999999972,54,0.18530432569220112,150.41009399415617
2017-11-08,SOULCYCLE-ONLINE         212-787-7685 NY,60.0,60.0,0.0,53,0.0,150.41009399415617
2017-11-09,PASSPORT PARKING         passportinc  NC,3.35,4.0,0.6499999999999999,52,0.6684351184795154,151.0785291126357
2017-11-11,UBER TECHNOLOGIES INC    866-576-1039 CA,6.86,7.0,0.13999999999999968,50,0.14381586173529431,151.222344974371
2017-11-11,UBER   UJEXV             HELP.UBER.COMCA,34.52,35.0,0.4799999999999969,50,0.49308295452100703,151.715427928892
2017-11-11,#07563 STAR MARKET       CAMBRIDGE    MA,5.99,6.0,0.009999999999999787,50,0.010272561552520827,151.72570049044452
2017-11-11,MYSTIC WINE SHOPPE       ARLINGTON    MA,24.94,25.0,0.05999999999999872,50,0.06163536931512496,151.78733585975965
2017-11-11,AGOROS BOSTON            BRIGHTON     MA,14.0,14.0,0.0,50,0.0,151.78733585975965
2017-11-12,UBER EATS LKPR3 HELP.UBER800-5928996  CA,56.96,57.0,0.03999999999999915,49,0.041068152732046156,151.8284040124917
2017-11-12,VUE*GRAD MGMT TEST       800-511-3478 MN,250.0,250.0,0.0,49,0.0,151.8284040124917
2017-11-15,Spotify USA              646-8375380  NY,4.99,5.0,0.009999999999999787,46,0.010250485886989222,151.83865449837867
2017-11-15,YARD HOUSE 83400083485   LYNNFIELD    MA,8.99,9.0,0.009999999999999787,46,0.010250485886989222,151.84890498426566
2017-11-17,EATALY BOSTON RESTAURANT BOSTON       MA,98.46,99.0,0.5400000000000063,44,0.5529311559416815,152.40183614020734
2017-11-17,SOCIAL LEAGUES           303-859-4873 CO,108.98,109.0,0.01999999999999602,44,0.020478931701539447,152.42231507190888
2017-11-17,UBER   TRIP 3IL3Z        HELP.UBER.COMCA,5.09,6.0,0.9100000000000001,44,0.9317913924202303,153.3541064643291
2017-11-18,UBER   TRIP YVSO7        HELP.UBER.COMCA,8.3,9.0,0.6999999999999993,43,0.7163772193353541,154.07048368366446
2017-11-18,UBER   TIP YVSO7         HELP.UBER.COMCA,5.0,5.0,0.0,43,0.0,154.07048368366446
2017-11-18,TST* CAFE LUNA - EXPRESS CAMBRIDGE    MA,3.19,4.0,0.81,43,0.8289507823737678,154.89943446603823
2017-11-18,UBER   TRIP SGAWJ        HELP.UBER.COMCA,5.9,6.0,0.09999999999999964,43,0.1023396027621932,155.00177406880042
2017-11-18,UBER   TRIP UJZZ3        HELP.UBER.COMCA,17.34,18.0,0.6600000000000001,43,0.6754413782304777,155.6772154470309
2017-11-18,TOWN OF ARLINGTON PARKINGARLINGTON    MA,2.5,3.0,0.5,43,0.5116980138109678,156.18891346084186
2017-11-21,SHELL OIL 57544921406    WAKEFIELD    MA,28.89,29.0,0.10999999999999943,40,0.11239207438448079,156.30130553522633
2017-11-22,CHIPOTLE 1036            SOMERVILLE   MA,7.28,8.0,0.7199999999999998,39,0.7352616646490628,157.0365671998754
2017-11-24,STARBUCKS STORE 02900    PITTSBURGH   PA,3.69,4.0,0.31000000000000005,37,0.31623065709101117,157.35279785696642
2017-11-24,SOUTHERN TIER BREWING    PITTSBURGH   PA,42.92,43.0,0.0799999999999983,37,0.08160791150735597,157.43440576847377
2017-11-24,THE URBAN TAP            PITTSBURGH   PA,13.59,14.0,0.41000000000000014,37,0.41824054647520836,157.85264631494897
2017-11-29,SOCIAL LEAGUES           303-859-4873 CO,108.98,109.0,0.01999999999999602,32,0.02034718796543678,157.8729935029144
2017-11-30,NIKE.COM                 800-806-6453 OR,48.73,49.0,0.2700000000000031,31,0.27453934330938445,158.14753284622378
2017-12-01,CAFFE NERO 1012 ARLINGTONARLINGTON    MA,2.66,3.0,0.33999999999999986,30,0.3455303247750192,158.4930631709988
2017-12-02,TOWN OF ARLINGTON PARKINGARLINGTON    MA,2.25,3.0,0.75,29,0.7617894251556583,159.25485259615445
2017-12-02,LIQUOR WORLD             CAMBRIDGE    MA,13.0,13.0,0.0,29,0.0,159.25485259615445
2017-12-02,#07563 STAR MARKET       CAMBRIDGE    MA,10.55,11.0,0.4499999999999993,29,0.45707365509339426,159.71192625124783
2017-12-05,SHELL OIL 57544921406    WAKEFIELD    MA,25.34,26.0,0.6600000000000001,26,0.6692939306114687,160.3812201818593
2017-12-06,CAFFE NERO 1012 ARLINGTONARLINGTON    MA,2.35,3.0,0.6499999999999999,25,0.6587986988405594,161.04001888069988
2017-12-08,#07563 STAR MARKET       CAMBRIDGE    MA,23.58,24.0,0.4200000000000017,23,0.4252276696623765,161.46524655036225
2017-12-09,ADIDAS ONLINE STORE      971-234-4100 OR,44.1,45.0,0.8999999999999986,22,0.9107122124538082,162.37595876281605
2017-12-09,ANNA'S TAQUERIA          CAMBRIDGE    MA,8.77,9.0,0.23000000000000043,22,0.23273756540486287,162.60869632822093
2017-12-10,UBER   TRIP SMLWJ        HELP.UBER.COMCA,9.42,10.0,0.5800000000000001,21,0.5865878585061198,163.19528418672704
2017-12-11,601 EDGEWATER CAFE       WAKEFIELD    MA,9.2,10.0,0.8000000000000007,20,0.8086516701840967,164.00393585691114
2017-12-12,WWW.ASKNET-SHOPS.COM     877-873-1459 CA,49.99,50.0,0.00999999999999801,19,0.01010271091110807,164.01403856782224
2017-12-13,CVS/PHARMACY #00130      ARLINGTON    MA,20.0,20.0,0.0,18,0.0,164.01403856782224
2017-12-13,MASSACHUSETTS EYE        BOSTON       MA,15.0,15.0,0.0,18,0.0,164.01403856782224
2017-12-13,CAFFE NERO 1012 ARLINGTONARLINGTON    MA,1.93,2.0,0.07000000000000006,18,0.07068095207041009,164.08471951989264
2017-12-13,MBTA CHARLES MGH         BOSTON       MA,9.0,9.0,0.0,18,0.0,164.08471951989264
2017-12-14,TOWN OF ARLINGTON PARKINGARLINGTON    MA,2.0,2.0,0.0,17,0.0,164.08471951989264
2017-12-15,Spotify USA              646-8375380  NY,4.99,5.0,0.009999999999999787,16,0.010086423539947141,164.0948059434326
2017-12-15,SHELL OIL 57544921406    WAKEFIELD    MA,24.27,25.0,0.7300000000000004,16,0.7363089184161574,164.83111486184876
2017-12-17,ANNA'S TAQUERIA          SOMERVILLE   MA,8.77,9.0,0.23000000000000043,14,0.23173833730851834,165.06285319915727
2017-12-17,FELIPES TAQUERIA         CAMBRIDGE    MA,12.7,13.0,0.3000000000000007,14,0.3022673964893719,165.36512059564666
2017-12-17,AMAZON.COM AMZN.COM/BILL AMZN.COM/BILLWA,103.06,104.0,0.9399999999999977,14,0.9471045090000275,166.3122251046467
2017-12-17,UNIQLO ECOMMERCE         972-881-2900 NJ,7.9,8.0,0.09999999999999964,14,0.10075579882979004,166.4129809034765
2017-12-17,#07563 STAR MARKET       CAMBRIDGE    MA,11.65,12.0,0.34999999999999964,14,0.352645295904266,166.76562619938076
2017-12-18,TOWN OF ARLINGTON PARKINGARLINGTON    MA,1.75,2.0,0.25,13,0.25175406067326894,167.01738026005404
2017-12-20,WALGREENS #1864          ARLINGTON    MA,15.54,16.0,0.46000000000000085,11,0.4627294675860553,167.4801097276401
2017-12-20,TOWN OF ARLINGTON PARKINGARLINGTON    MA,1.5,2.0,0.5,11,0.5029668125935375,167.98307654023364
